{"Opposite Foot Contact": 50.0, "Walking Speed": 1.2812238335609436, "Double Support": 0.1599999964237213, "Single Support": 0.41499999165534973, "Step Time": 0.4950000047683716, "Foot Off": 58.04762077331543, "Cadence": 121.21211242675781, "Stride Time": 0.9900000095367432, "Step Width": 0.12086505011444956, "Stride Length": 1.2861768007278442, "Step Length": 0.6435046195983887, "Opposite Foot Off": 8.029530048370361}